{
    "model_type": "Linear Regression",
    "r2_score": 0.32001104024763416,
    "mse": 11819009.487485187,
    "feature_descriptions": {
        "color_diversity": "Measures the variety of colors in the image. Higher values indicate a more diverse color palette.",
        "saturation": "Measures the intensity of colors in the image. Higher values suggest more vibrant and saturated colors."
    },
    "feature_correlations": {
        "color_diversity": -0.4828866614038261,
        "saturation": -0.3903469396799942
    },
    "target_variable": "total_reach",
    "training_date": "2025-07-25",
    "feature_stats": {
        "color_diversity": {
            "min": 0.5879247312975376,
            "max": 1.0867968579898473,
            "mean": 0.8777957132377614,
            "median": 0.9020139008778676
        },
        "saturation": {
            "min": 33.85639172152661,
            "max": 205.4533754572664,
            "mean": 85.51990375689198,
            "median": 50.79709895777666
        }
    }
}